<?xml version="1.0" encoding="utf-8" standalone="no" ?>
<vehicle type="multipleItemPurchase" xmlns:xsi="http://www.w3.org/2001/XMLSchema-instance" xsi:noNamespaceSchemaLocation="../../../../shared/xml/schema/vehicle.xsd">
    <annotation>Copyright (C) GIANTS Software GmbH, All Rights Reserved.</annotation>

    <storeData>
        <name>$l10n_fillType_seeds</name>
        <specs>
            <weight ignore="true"/>
        </specs>
        <functions>
            <function>$l10n_function_bigBagSeeds</function>
        </functions>
        <image>$data/objects/bigBag/seeds/store_bigBag_seeds.png</image>
        <price>800</price>
        <lifetime>600</lifetime>
        <allowLeasing>false</allowLeasing>
        <canBeSold>false</canBeSold>
        <rotation>0</rotation>
        <brand>LIZARD</brand>
        <category>bigbags</category>
        <financeCategory>PURCHASE_SEEDS</financeCategory>
        <shopLoadingDelay initial="0.2" config="0.2"/>
        <vertexBufferMemoryUsage>768</vertexBufferMemoryUsage>
        <indexBufferMemoryUsage>256</indexBufferMemoryUsage>
        <textureMemoryUsage>65536</textureMemoryUsage>
        <instanceVertexBufferMemoryUsage>0</instanceVertexBufferMemoryUsage>
        <instanceIndexBufferMemoryUsage>0</instanceIndexBufferMemoryUsage>
        <audioMemoryUsage>0</audioMemoryUsage>
    </storeData>

    <base>
        <typeDesc>$l10n_fillType_seeds</typeDesc>
        <filename>$data/objects/buyableBales/buyableBale.i3d</filename>
        <size width="4" length="4" />
        <components>
            <component centerOfMass="0 0 0" solverIterationCount="10" mass="100"/>
        </components>
    </base>

    <fillUnit>
        <fillUnitConfigurations>
            <fillUnitConfiguration>
                <fillUnits>
                    <fillUnit fillTypes="seeds" capacity="10000" />
                </fillUnits>
            </fillUnitConfiguration>
        </fillUnitConfigurations>
    </fillUnit>

    <multipleItemPurchase filename="$data/objects/bigBag/seeds/bigBag_seeds.xml" isVehicle="true">
        <offsets>
            <offset amount="2" offset="0.5 0 0"/>
            <offset amount="3" offset="0.5 0 0.425"/>
            <offset amount="5" offset="0.5 0 0.850"/>
            <offset amount="7" offset="0.5 0 1.275"/>
        </offsets>
        <itemPositions>
            <itemPosition position="0 0 0" rotation="0 0 0"/>
            <itemPosition position="-1 0 0" rotation="0 0 0"/>
            <itemPosition position="0 0 -0.85" rotation="0 0 0"/>
            <itemPosition position="-1 0 -0.85" rotation="0 0 0"/>

            <itemPosition position="0 0 -1.7" rotation="0 0 0"/>
            <itemPosition position="-1 0 -1.7" rotation="0 0 0"/>
            <itemPosition position="0 0 -2.55" rotation="0 0 0"/>
            <itemPosition position="-1 0 -2.55" rotation="0 0 0"/>
        </itemPositions>
    </multipleItemPurchase>

    <multipleItemPurchaseAmountConfigurations>
        <multipleItemPurchaseAmountConfiguration name="1" price="0"/>
        <multipleItemPurchaseAmountConfiguration name="2" price="800"/>
        <multipleItemPurchaseAmountConfiguration name="3" price="1600"/>
        <multipleItemPurchaseAmountConfiguration name="4" price="2400"/>
        <multipleItemPurchaseAmountConfiguration name="5" price="3200"/>
        <multipleItemPurchaseAmountConfiguration name="6" price="4000"/>
        <multipleItemPurchaseAmountConfiguration name="7" price="4800"/>
        <multipleItemPurchaseAmountConfiguration name="8" price="5600"/>
    </multipleItemPurchaseAmountConfigurations>

</vehicle>
