<?xml version="1.0" encoding="utf-8" standalone="no" ?>
<vehicle type="pallet" xmlns:xsi="http://www.w3.org/2001/XMLSchema-instance" xsi:noNamespaceSchemaLocation="../../../../shared/xml/schema/vehicle.xsd">
    <annotation>Copyright (C) GIANTS Software GmbH, All Rights Reserved.</annotation>

    <parentFile xmlFilename="$data/objects/bigBagPallet/bigBagPallet.xml">
        <attributes>
            <set path="vehicle.storeData.name" value="$l10n_fillType_fertilizer"/>
            <set path="vehicle.storeData.image" value="$data/objects/bigBagPallet/fertilizer/store_bigBagPallet_fertilizer.png"/>
            <set path="vehicle.storeData.price" value="1920"/>
            <set path="vehicle.storeData.brand" value="CORTEVA"/>
            <set path="vehicle.storeData.functions.function" value="$l10n_function_bigBagFertilizer"/>
            <set path="vehicle.storeData.financeCategory" value="PURCHASE_FERTILIZER"/>

            <set path="vehicle.fillUnit.fillUnitConfigurations.fillUnitConfiguration(0).fillUnits.fillUnit#fillTypes" value="fertilizer"/>
            <set path="vehicle.fillUnit.fillUnitConfigurations.fillUnitConfiguration(0).fillUnits.fillUnit#startFillType" value="fertilizer"/>
            <set path="vehicle.fillUnit.fillUnitConfigurations.fillUnitConfiguration(0).fillUnits.fillUnit#capacity" value="50000"/>
            <set path="vehicle.fillUnit.fillUnitConfigurations.fillUnitConfiguration(0).fillUnits.fillUnit#startFillLevel" value="50000"/>
         </attributes>
    </parentFile>

    <!-- ONLY FOR ICON GENERATION -->
    <storeData>
        <name>$l10n_shopItem_bigBagFertilizer</name>
        <image>$data/objects/bigBagPallet/fertilizer/store_bigBagPallet_fertilizer.png</image>
        <brand>CORTEVA</brand>
        <category>bigbagPallets</category>
        <vertexBufferMemoryUsage>0</vertexBufferMemoryUsage>
        <indexBufferMemoryUsage>0</indexBufferMemoryUsage>
        <textureMemoryUsage>0</textureMemoryUsage>
        <audioMemoryUsage>0</audioMemoryUsage>
        <instanceVertexBufferMemoryUsage>0</instanceVertexBufferMemoryUsage>
        <instanceIndexBufferMemoryUsage>0</instanceIndexBufferMemoryUsage>
    </storeData>
</vehicle>
