<?xml version="1.0" encoding="utf-8" standalone="no" ?>
<vehicle type="pallet" xmlns:xsi="http://www.w3.org/2001/XMLSchema-instance" xsi:noNamespaceSchemaLocation="../../../../shared/xml/schema/vehicle.xsd">
    <annotation>Copyright (C) GIANTS Software GmbH, All Rights Reserved.</annotation>

    <storeData>
        <name>$l10n_fillType_herbicide</name>
        <functions>
            <function>$l10n_function_herbicideTank</function>
        </functions>
        <specs>
            <capacity>80000</capacity>
            <fillTypes>herbicide</fillTypes>
            <weight ignore="true"/>
        </specs>
        <image>$data/objects/pallets/liquidTank/store_herbicideTank.png</image>
        <price>2400</price>
        <allowLeasing>false</allowLeasing>
        <canBeSold>false</canBeSold>
        <rotation>0</rotation>
        <shopHeight>2</shopHeight>
        <brand>CORTEVA</brand>
        <category>pallets</category>
        <financeCategory>PURCHASE_FERTILIZER</financeCategory>
        <vertexBufferMemoryUsage>83200</vertexBufferMemoryUsage>
        <indexBufferMemoryUsage>17408</indexBufferMemoryUsage>
        <textureMemoryUsage>1769472</textureMemoryUsage>
        <instanceVertexBufferMemoryUsage>0</instanceVertexBufferMemoryUsage>
        <instanceIndexBufferMemoryUsage>0</instanceIndexBufferMemoryUsage>

        <storeIconRendering>
            <settings cameraXRot="-15" cameraYRot="25" />
        </storeIconRendering>
        <audioMemoryUsage>0</audioMemoryUsage>
    </storeData>

    <base>
        <typeDesc>$l10n_typeDesc_pallet</typeDesc>
        <filename>$data/objects/pallets/liquidTank/liquidTank.i3d</filename>
        <size width="1.6" length="1.6" height="1.6" />
        <input allowed="false"/>
        <canBeReset>false</canBeReset>
        <components maxMass="850">
            <component centerOfMass="0 0.1 0" solverIterationCount="10" mass="100" />
        </components>
        <showInVehicleMenu>false</showInVehicleMenu>
        <mapHotspot available="false" />
    </base>

    <fillUnit>
        <fillUnitConfigurations>
            <fillUnitConfiguration>
                <fillUnits removeVehicleIfEmpty="true">
                    <fillUnit unitTextOverride="$l10n_unit_literShort" fillTypes="HERBICIDE" capacity="80000" startFillType="HERBICIDE" startFillLevel="80000" ignoreFillLimit="true">
                        <fillRootNode node="0>" />
                    </fillUnit>
                </fillUnits>
            </fillUnitConfiguration>
        </fillUnitConfigurations>
    </fillUnit>

    <fillTriggerVehicle triggerNode="fillTrigger" fillUnitIndex="1" litersPerSecond="200"/>

    <dischargeable requiresTipOcclusionArea="false" />

    <dynamicMount triggerNode="dynamicMountTrigger" triggerForceAcceleration="5" additionalMountDistance="1.5" jointTransY="0.11" jointLimitToRotY="true"/>

    <designConfigurations>
        <designConfiguration name="$l10n_configuration_valueDefault" price="0">
            <material node="fertilizerTank_vis" refNode="materialHerbicide" />
        </designConfiguration>
    </designConfigurations>

    <tensionBeltObject>
        <meshNodes>
            <meshNode node="fertilizerTank_vis"/>
        </meshNodes>
    </tensionBeltObject>

    <i3dMappings>
        <i3dMapping id="dynamicMountTrigger" node="0>0|0" />
        <i3dMapping id="fillTrigger" node="0>0|1" />
        <i3dMapping id="fertilizerTank_vis" node="0>2|0" />
        <i3dMapping id="materialHerbicide" node="0>2|1" />
    </i3dMappings>
</vehicle>
