<?xml version="1.0" encoding="utf-8" standalone="no" ?>
<vehicle type="pallet" xmlns:xsi="http://www.w3.org/2001/XMLSchema-instance" xsi:noNamespaceSchemaLocation="../../../../shared/xml/schema/vehicle.xsd">
    <annotation>Copyright (C) GIANTS Software GmbH, All Rights Reserved.</annotation>

    <parentFile xmlFilename="$data/objects/bigBagPallet/bigBagPallet.xml">
        <attributes>
            <set path="vehicle.storeData.name" value="$l10n_fillType_seeds"/>
            <set path="vehicle.storeData.image" value="$data/objects/bigBagPallet/seeds/store_bigBagPallet_seeds.png"/>
            <set path="vehicle.storeData.price" value="900"/>
            <set path="vehicle.storeData.brand" value="PIONEER"/>
            <set path="vehicle.storeData.financeCategory" value="PURCHASE_SEEDS"/>
            <set path="vehicle.storeData.functions.function" value="$l10n_function_bigBagSeeds"/>

            <set path="vehicle.fillUnit.fillUnitConfigurations.fillUnitConfiguration(0).fillUnits.fillUnit#fillTypes" value="seeds"/>
            <set path="vehicle.fillUnit.fillUnitConfigurations.fillUnitConfiguration(0).fillUnits.fillUnit#startFillType" value="seeds"/>
            <set path="vehicle.fillUnit.fillUnitConfigurations.fillUnitConfiguration(0).fillUnits.fillUnit#capacity" value="30000"/>
            <set path="vehicle.fillUnit.fillUnitConfigurations.fillUnitConfiguration(0).fillUnits.fillUnit#startFillLevel" value="30000"/>
         </attributes>
    </parentFile>

    <!-- ONLY FOR ICON GENERATION -->
    <storeData>
        <name>$l10n_shopItem_bigBagSeeds</name>
        <image>$data/objects/bigBagPallet/seeds/store_bigBagPallet_seeds.png</image>
        <brand>PIONEER</brand>
        <category>bigbagPallets</category>
        <vertexBufferMemoryUsage>0</vertexBufferMemoryUsage>
        <indexBufferMemoryUsage>0</indexBufferMemoryUsage>
        <textureMemoryUsage>0</textureMemoryUsage>
        <audioMemoryUsage>0</audioMemoryUsage>
        <instanceVertexBufferMemoryUsage>0</instanceVertexBufferMemoryUsage>
        <instanceIndexBufferMemoryUsage>0</instanceIndexBufferMemoryUsage>
    </storeData>
</vehicle>
