﻿<?xml version="1.0" encoding="utf-8" standalone="no" ?>
<vehicle type="multipleItemPurchase" xmlns:xsi="http://www.w3.org/2001/XMLSchema-instance" xsi:noNamespaceSchemaLocation="../../../../shared/xml/schema/vehicle.xsd">
    <annotation>Copyright (C) GIANTS Software GmbH, All Rights Reserved.</annotation>

    <storeData>
        <name>$l10n_fillType_seeds</name>
        <specs>
            <weight ignore="true"/>
        </specs>
        <functions>
            <function>$l10n_function_bigBagSeeds</function>
        </functions>
        <image>$data/objects/bigBagPallet/seeds/store_bigBagPallet_seeds.png</image>
        <price>900</price>
        <lifetime>600</lifetime>
        <allowLeasing>false</allowLeasing>
        <canBeSold>false</canBeSold>
        <rotation>0</rotation>
        <brand>PIONEER</brand>
        <category>bigbagPallets</category>
        <financeCategory>PURCHASE_SEEDS</financeCategory>
        <vertexBufferMemoryUsage>768</vertexBufferMemoryUsage>
        <indexBufferMemoryUsage>256</indexBufferMemoryUsage>
        <textureMemoryUsage>65536</textureMemoryUsage>
        <instanceVertexBufferMemoryUsage>0</instanceVertexBufferMemoryUsage>
        <instanceIndexBufferMemoryUsage>0</instanceIndexBufferMemoryUsage>
        <audioMemoryUsage>0</audioMemoryUsage>
    </storeData>

    <base>
        <typeDesc>$l10n_fillType_seeds</typeDesc>
        <filename>$data/objects/buyableBales/buyableBale.i3d</filename>
        <size width="4" length="4" />
        <components>
            <component centerOfMass="0 0 0" solverIterationCount="10" mass="100"/>
        </components>
    </base>

    <fillUnit>
        <fillUnitConfigurations>
            <fillUnitConfiguration>
                <fillUnits>
                    <fillUnit fillTypes="seeds" capacity="30000" />
                </fillUnits>
            </fillUnitConfiguration>
        </fillUnitConfigurations>
    </fillUnit>

    <multipleItemPurchase filename="$data/objects/bigBagPallet/seeds/bigBagPallet_seeds.xml" isVehicle="true">
        <offsets>
            <offset amount="2" offset="0.775 0 0"/>
            <offset amount="3" offset="0.775 0 0.6"/>
            <offset amount="5" offset="0.775 0 1.2"/>
            <offset amount="7" offset="0.775 0 1.8"/>
        </offsets>
        <itemPositions>
            <itemPosition position="0 0 0" rotation="0 0 0"/>
            <itemPosition position="-1.55 0 0" rotation="0 0 0"/>
            <itemPosition position="0 0 -1.2" rotation="0 0 0"/>
            <itemPosition position="-1.55 0 -1.2" rotation="0 0 0"/>

            <itemPosition position="0 0 -2.4" rotation="0 0 0"/>
            <itemPosition position="-1.55 0 -2.4" rotation="0 0 0"/>
            <itemPosition position="0 0 -3.6" rotation="0 0 0"/>
            <itemPosition position="-1.55 0 -3.6" rotation="0 0 0"/>
        </itemPositions>
    </multipleItemPurchase>

    <multipleItemPurchaseAmountConfigurations>
        <multipleItemPurchaseAmountConfiguration name="1" price="0"/>
        <multipleItemPurchaseAmountConfiguration name="2" price="900"/>
        <multipleItemPurchaseAmountConfiguration name="3" price="1800"/>
        <multipleItemPurchaseAmountConfiguration name="4" price="2700"/>
        <multipleItemPurchaseAmountConfiguration name="5" price="3600"/>
        <multipleItemPurchaseAmountConfiguration name="6" price="4500"/>
        <multipleItemPurchaseAmountConfiguration name="7" price="5400"/>
        <multipleItemPurchaseAmountConfiguration name="8" price="6300"/>
    </multipleItemPurchaseAmountConfigurations>

</vehicle>
